Title,Keyword,Keyword_code,Keyword_ID,Position,Previous position,Search Volume,CPC,Traffic,Traffic (%),Traffic Cost,Traffic Cost (%),Competition,Number of Results,Trends,Last Seen,Keyword Difficulty,Cluster
PMP® Certification | Confidently Ace The PMP Exam,best course for pmp,pmp,1,4,4,30,10.26,0,0.0,0,0.0,0.24,15600000,"[0,55,22,100,22,22,44,22,22,22,22,22]",2024-12-31,39.0,0
PMP® Course | Confidently Ace The PMP Exam,best pmp prep course,pmp,1,6,6,170,8.4,0,0.0,0,0.0,0.52,1260000,"[28,28,53,43,43,35,35,28,82,43,100,28]",2024-12-31,32.0,0
PMP® Certification | Ace PMP Exam in 1st Attempt,certificado de gestion de proyectos - pmp,pmp,1,1,1,40,7.08,1,0.0,7,0.01,0.53,80600000,"[22,22,44,22,22,22,22,77,100,22,22,100]",2025-01-13,18.0,0
PMP® Certification Training | Flat 40% Off - Enroll Now,cheap pmp certification,pmp,1,1,1,90,5.98,4,0.02,23,0.03,0.46,40900000,"[41,41,41,52,52,52,64,64,52,64,82,82]",2025-01-18,25.0,0
PMP® Certification Course,duration of pmp course,pmp,1,2,2,50,2.61,0,0.0,0,0.0,0.24,21900000,"[18,81,18,18,81,18,18,18,100,18,100,18]",2025-01-22,46.0,0
PMP® Certification Training | Flat 40% Off - Enroll Now,how much does it cost to do pmp-acp,pmp,1,4,4,390,0.0,2,0.01,0,0.0,0.0,1910000,"[100,0,0,0,0,0,0]",2025-01-05,22.0,0
PMP® Certification Course | Ace PMP Exam in 1st Attempt,how to get pmp certification,pmp,1,4,4,1900,3.92,13,0.06,50,0.07,0.69,39400000,"[65,55,65,65,65,44,55,100,65,55,65,65]",2025-01-15,46.0,0
PMP® Certification Course,how to get project management certification - pmp,pmp,1,3,3,390,7.37,3,0.01,22,0.03,0.72,375000000,"[66,100,81,54,81,66,28,100,81,81,81,66]",2025-01-21,56.0,1
PMP® Certification Training | Ace PMP Exam in 1st Attempt,how to prepare for pmp certification,pmp,1,1,1,110,3.07,5,0.02,15,0.02,0.4,10200000,"[52,100,64,52,82,64,64,82,64,64,64,82]",2025-01-13,33.0,0
PMP® Certification Course,how to prepare for pmp certification,pmp,1,5,5,110,3.07,0,0.0,0,0.0,0.4,10200000,"[52,100,64,52,82,64,64,82,64,64,64,82]",2025-01-13,33.0,0
PMP® Exam & Certification | Ace PMP Exam in 1st Attempt,how to register for pmp exam,pmp,1,2,2,70,3.18,0,0.0,0,0.0,0.45,19900000,"[55,77,100,77,100,77,77,77,100,100,100,100]",2025-01-15,18.0,0
PMP® Certification Course | Flat 40% Off - Enroll Now,it project manager certification - pmp,pmp,1,5,5,140,7.25,0,0.0,0,0.0,0.51,262000000,"[34,53,43,53,34,43,100,34,43,28,28,34]",2024-12-29,45.0,0
PMP® Certification | Flat 40% Off - Enroll Now,online pmp certification training,pmp,1,1,1,50,11.09,2,0.01,22,0.03,0.48,7540000,"[21,21,28,7,28,100,78,28,35,0,35,0]",2024-12-27,57.0,1
PMI Certified PMP® Training | Ace PMP Exam in 1st Attempt,pmi certification - pmp,pmp,1,1,1,5400,3.35,253,1.35,847,1.3,0.59,48200000,"[44,66,54,54,54,54,44,54,54,81,100,44]",2025-01-22,45.0,0
PMP® Exam & Certification | Confidently Ace The PMP Exam,pmi exam prep - pmp,pmp,1,4,4,140,5.36,0,0.0,0,0.0,0.66,5700000,"[3,2,1,1,0,100,0,0,3,13,3,0]",2024-12-31,56.0,1
PMP® Exam & Certification | Ace PMP Exam in 1st Attempt,pmi pmp certification,pmp,1,2,2,720,3.98,9,0.04,35,0.05,0.57,8920000,"[45,55,24,62,55,45,30,55,62,36,55,36]",2025-01-13,70.0,1
PMI Certified PMP® Training | Flat 40% Off - Enroll Now,pmi project management course - pmp,pmp,1,3,3,210,4.57,1,0.0,4,0.0,0.48,25400000,"[28,28,18,28,35,100,44,35,35,35,35,44]",2024-12-28,62.0,1
PMP® Exam & Certification | Ace PMP Exam in 1st Attempt,pmp certificaiton,pmp,1,2,2,140,3.38,1,0.0,3,0.0,0.62,200000000,"[0,15,100,1,54,2,15,4,2,2,2,36]",2025-01-12,77.0,1
PMP® Exam & Certification | Flat 40% Off - Enroll Now,pmp certification,pmp,1,1,1,90500,3.76,4253,22.77,15991,24.66,0.6,166000000,"[67,54,81,81,67,67,81,67,81,81,67,67]",2024-12-31,78.0,1
PMP® Exam & Certification | Confidently Ace The PMP Exam,pmp certification,pmp,1,1,1,90500,3.76,4253,22.77,15991,24.66,0.6,172000000,"[67,54,81,81,67,67,81,67,81,81,67,67]",2025-01-01,78.0,1
PMP® Training & Exam | Special Offer: Get $400 Off,pmp certification,pmp,1,2,2,90500,3.82,1176,6.29,4492,6.92,0.65,154000000,"[54,81,81,67,67,81,67,81,81,67,67,81]",2025-01-14,77.0,1
PMP® Certification | Ace PMP Exam in 1st Attempt,pmp certification,pmp,1,3,3,90500,3.82,814,4.35,3109,4.79,0.65,165000000,"[54,81,81,67,67,81,67,81,81,67,67,81]",2025-01-07,78.0,1
PMP® Exam & Certification | Flat 40% Off - Enroll Now,pmp certification,pmp,1,4,4,90500,3.76,633,3.39,2380,3.67,0.6,176000000,"[67,54,81,81,67,67,81,67,81,81,67,67]",2025-01-02,82.0,1
PMP® Certification Course | Ace PMP Exam in 1st Attempt,pmp certification,pmp,1,6,0,90500,3.82,452,2.42,1726,2.66,0.65,155000000,"[54,81,81,67,67,81,67,81,81,67,67,81]",2025-01-26,70.0,1
PMP® Exam & Certification - Flat 40% Off - Enroll Now,pmp certification 35 hours online training,pmp,1,4,4,40,7.75,0,0.0,0,0.0,0.61,28500000,"[23,11,41,29,17,11,17,23,23,29,11,11]",2024-12-31,31.0,0
PMP® Exam & Certification - Special Offer: Get $400 Off,pmp certification cost,pmp,1,5,5,12100,2.59,60,0.32,155,0.23,0.33,112000000,"[54,66,66,54,66,54,54,66,54,54,54,100]",2025-01-07,46.0,0
PMP® Certification Course | Flat 40% Off - Enroll Now,pmp certification courses online,pmp,1,3,3,260,9.78,2,0.01,19,0.02,0.62,8930000,"[9,9,29,15,29,9,9,4,66,54,81,100]",2024-12-27,57.0,1
PMP® Certification Course | Ace PMP Exam in 1st Attempt,pmp certification exam questions,pmp,1,1,1,880,1.06,41,0.21,43,0.06,0.45,94000000,"[25,68,46,84,37,31,37,20,31,68,11,68]",2025-01-17,37.0,0
PMP® Certification Course | Flat 40% Off - Enroll Now,pmp certification online course,pmp,1,6,6,170,9.78,0,0.0,0,0.0,0.62,35200000,"[9,15,19,15,23,4,1,12,23,23,100,36]",2024-12-27,59.0,1
PMP® Certification Course,pmp certification requirements,pmp,1,1,0,6600,2.37,310,1.66,734,1.13,0.59,162000000,"[66,100,81,81,81,81,66,81,81,66,66,54]",2025-01-26,54.0,1
PMP® Certification Course | Ace PMP Exam in 1st Attempt,pmp certification requirements,pmp,1,2,2,6600,2.37,85,0.45,201,0.31,0.59,166000000,"[66,100,81,81,81,81,66,81,81,66,66,54]",2025-01-14,55.0,1
PMP® Certification Course | Ace PMP Exam in 1st Attempt,pmp certification training,pmp,1,5,5,1300,9.39,6,0.03,56,0.08,0.42,209000000,"[8,29,29,13,8,7,7,8,7,10,10,8]",2025-01-24,70.0,1
PMP® Certification Course | Confidently Ace The PMP Exam,pmp certification what is it,pmp,1,4,4,70,2.08,0,0.0,0,0.0,0.28,143000000,"[11,29,29,29,41,41,41,52,52,41,52,64]",2025-01-01,49.0,0
PMP® Exam & Certification | Special Offer: Get $400 Off,pmp certificering,pmp,1,6,6,30,3.77,0,0.0,0,0.0,0.19,29700,"[40,0,0,80,100,100,60,40,40,60,40,40]",2024-12-31,66.0,1
PMP® Certification Course | Ace PMP Exam in 1st Attempt,pmp course,pmp,1,5,5,2400,7.22,12,0.06,86,0.13,0.69,71600000,"[28,54,54,36,28,36,28,43,36,36,36,28]",2025-01-23,70.0,1
PMP® Certification Course | Ace PMP Exam in 1st Attempt,pmp courses online free,pmp,1,1,1,40,4.61,1,0.0,4,0.0,0.46,53900000,"[14,42,0,0,100,57,100,100,100,42,28,42]",2025-01-18,28.0,0
PMP® Exam & Certification,pmp exam,pmp,1,3,0,6600,2.6,59,0.31,153,0.23,0.39,21000000,"[54,81,66,66,66,66,66,66,66,66,81,81]",2025-01-26,60.0,1
PMP® Exam & Certification | Confidently Ace The PMP Exam,pmp exam,pmp,1,4,4,6600,2.17,46,0.24,99,0.15,0.36,24200000,"[66,54,81,66,66,66,66,66,66,66,66,81]",2024-12-31,68.0,1
PMP® Exam & Certification | Special Offer: Get $400 Off,pmp exam,pmp,1,4,4,6600,2.6,46,0.24,119,0.18,0.39,20400000,"[54,81,66,66,66,66,66,66,66,66,81,81]",2025-01-10,63.0,1
PMP® Exam & Certification | Ace PMP Exam in 1st Attempt,pmp exam cost,pmp,1,2,2,2400,2.28,31,0.16,70,0.1,0.28,11400000,"[52,100,66,66,52,66,80,52,80,52,52,66]",2025-01-15,38.0,0
PMP® Exam & Certification | Flat 40% Off - Enroll Now,pmp exam cost,pmp,1,2,2,2400,2.28,31,0.16,70,0.1,0.28,11600000,"[52,100,66,66,52,66,80,52,80,52,52,66]",2025-01-22,44.0,0
PMP® Certification - Flat 40% Off - Enroll Now,pmp exam fee,pmp,1,2,2,1900,1.85,24,0.12,44,0.06,0.34,8680000,"[41,41,100,66,100,100,100,41,66,100,30,54]",2024-12-27,27.0,0
PMP® Training & Exam - Ace PMP Exam in 1st Attempt,pmp exam practice test,pmp,1,3,3,590,2.08,5,0.02,10,0.01,0.52,5570000,"[30,8,13,16,16,10,100,13,41,8,16,2]",2025-01-26,32.0,0
PMP® Certification Training - Ace PMP Exam in 1st Attempt,pmp exam prep free,pmp,1,1,1,40,2.59,1,0.0,2,0.0,0.63,2620000,"[17,29,11,11,29,23,17,23,29,17,23,17]",2025-01-24,30.0,0
PMP® Course | Confidently Ace The PMP Exam,pmp free course,pmp,1,3,3,110,4.18,0,0.0,0,0.0,0.57,48300000,"[64,52,52,52,82,100,64,52,100,82,82,82]",2025-01-01,35.0,0
PMP® Exam & Certification | Confidently Ace The PMP Exam,pmp practice exam free,pmp,1,1,1,320,1.5,15,0.08,22,0.03,0.43,3230000,"[81,28,35,35,54,66,44,35,44,100,35,81]",2025-01-01,29.0,0
PMP® Training & Exam | Confidently Ace The PMP Exam,pmp prep classes,pmp,1,5,5,590,10.08,2,0.01,20,0.03,0.55,490000,"[48,59,59,39,72,72,21,72,17,88,72,100]",2025-01-01,49.0,0
PMP® Exam & Certification,pmp registered,pmp,1,2,2,40,5.31,0,0.0,0,0.0,0.26,51600000,"[45,18,63,100,63,18,18,18,18,18,18,18]",2025-01-21,56.0,1
PMP® Exam & Certification | Flat 40% Off - Enroll Now,pmp registered,pmp,1,5,5,40,5.31,0,0.0,0,0.0,0.26,51600000,"[45,18,63,100,63,18,18,18,18,18,18,18]",2025-01-21,56.0,1
PMP® Exam & Certification | Ace PMP Exam in 1st Attempt,pmp study course,pmp,1,1,1,320,8.96,15,0.08,134,0.2,0.19,35800000,"[0,100,66,81,35,35,44,100,54,44,54,81]",2025-01-24,58.0,1
PMP® Exam & Certification,pmp test,pmp,1,4,4,1600,2.6,11,0.05,28,0.04,0.39,51700000,"[20,29,29,29,22,22,22,22,22,22,100,43]",2025-01-22,67.0,1
PMP® Exam & Certification - Confidently Ace The PMP Exam,pmp test requirements,pmp,1,3,3,260,1.67,2,0.01,3,0.0,0.31,64800000,"[44,29,100,36,36,29,29,19,44,19,54,23]",2025-01-01,47.0,0
PMP® Exam & Certification | Flat 40% Off - Enroll Now,pmp training and certification cost,pmp,1,4,4,50,2.59,0,0.0,0,0.0,0.33,6630000,"[0,2,6,4,0,0,0,2,8,0,100,2]",2025-01-06,37.0,0
PMI Certified PMP® Training | Ace PMP Exam in 1st Attempt,pmp training pmi,pmp,1,3,3,210,3.98,1,0.0,3,0.0,0.57,5580000,"[12,100,36,36,23,15,23,19,23,15,23,15]",2025-01-09,70.0,1
PMP® Certification | Ace PMP Exam in 1st Attempt,project management certification - pmp ,pmp,1,1,1,1600,3.82,75,0.4,286,0.44,0.65,35300000,"[16,36,44,66,100,44,27,20,44,36,52,44]",2025-01-19,73.0,1
PMP® Certification | Special Offer: Get $400 Off,project management certification pmp,pmp,1,5,5,49500,6.49,247,1.32,1603,2.47,0.68,978000000,"[66,66,100,81,66,81,66,100,81,81,81,66]",2024-12-31,76.0,1
PMP® Certification | Confidently Ace The PMP Exam,project management professional certification - pmp,pmp,1,4,4,18100,3.76,126,0.67,473,0.72,0.6,931000000,"[24,24,67,67,54,29,100,10,54,54,100,16]",2024-12-31,82.0,1
PMP® Certification Course | Ace PMP Exam in 1st Attempt,project management professional prep course - pmp,pmp,1,3,3,590,8.96,5,0.02,44,0.06,0.19,41600000,"[11,88,26,72,72,72,72,88,100,26,17,39]",2025-01-23,43.0,0
PMP® Training Course | Confidently Ace The PMP Exam,purdue project management essentials - pmp,pmp,1,2,2,30,5.11,0,0.0,0,0.0,0.15,186000,"[18,18,81,18,18,18,18,18,18,18,18,18]",2025-01-01,34.0,0
Simplilearn PMP® Course | Special Offer: Get $400 Off,simplilearn,simplilearn,3,1,1,8100,2.31,380,2.03,877,1.35,0.14,4130000,"[44,54,44,54,44,66,54,54,54,54,81,44]",2025-01-22,52.0,1
Simplilearn PMP® Course | Flat 40% Off - Enroll Now,simplilearn,simplilearn,3,1,1,70,2.31,3,0.01,6,0.0,0.14,4210000,"[0,0,0,0,0,0,0,100,0,0,0,0]",2025-01-22,48.0,0
Simplilearn PMP® Course | Special Offer: Get $400 Off,simplilearn,simplilearn,3,1,1,70,1.88,3,0.01,5,0.0,0.16,4790000,"[0,4,4,0,0,0,0,0,0,0,0,100]",2025-01-02,38.0,0
Simplilearn PMP® Course - Limited Offer: Get $400 Off,simplilearn,simplilearn,3,2,2,70,1.88,0,0.0,0,0.0,0.16,4790000,"[0,4,4,0,0,0,0,0,0,0,0,100]",2025-01-02,38.0,0
PMP® Exam & Certification | Flat 40% Off - Enroll Now,what is the cost of pmp exam,pmp,1,4,4,40,2.18,0,0.0,0,0.0,0.4,4420000,"[11,23,11,100,11,11,11,11,11,11,11,11]",2025-01-24,34.0,0
Product Owner (CSPO®) Course | Limited Offer: Flat $279 Off,a certified scrum product owner,cspo,4,1,1,70,3.02,3,0.01,9,0.01,0.42,8800000,"[0,77,77,77,77,44,77,55,77,77,77,77]",2025-01-16,44.0,0
Become Certified Scrum Master | Limited-time Offer: $270 Only,agile certified scrum master,scrum,2,3,3,90,3.19,0,0.0,0,0.0,0.51,16100000,"[4,4,8,6,6,8,13,4,0,3,4,5]",2024-12-31,67.0,1
AWS Certification Course,amazon web service certification - aws,aws,5,2,2,1300,1.74,16,0.08,27,0.04,0.34,318000000,"[0,0,0,0,1,100,1,2,4,1,2,0]",2025-01-24,97.0,1
AWS Certified Cloud Practioner | Special Offer Get Flat 43% Off,aws practitioner certification,aws,5,3,0,1000,1.5,9,0.04,13,0.02,0.41,29200000,"[76,100,67,76,76,67,67,76,76,76,76,76]",2025-01-26,78.0,1
AWS Solution Architect Course | Get AWS Associate Certificate,aws solutions architect-associate,aws,5,4,4,70,3.86,0,0.0,0,0.0,0.25,11000000,"[0,0,0,0,0,100,0,0,0,0,0,0]",2025-01-05,61.0,1
AWS Certified Cloud Practioner | Today's offer- Flat $300 Off,best aws learning tutorial,aws,5,5,5,720,0.0,3,0.01,0,0.0,0.0,45700000,"[100,0,0]",2025-01-23,47.0,0
No Cost & No Hidden Fees - AWS Certification Course,best platform to learn aws,aws,5,4,0,110,0.0,0,0.0,0,0.0,0.26,149000000,"[100,1,1,1,1,1,1,1,1,1,1,1]",2025-01-26,38.0,0
Cloud Certification Course | Masters Certification in Cloud,caltech post graduate program in cloud computing,cloud,6,3,3,40,15.02,0,0.0,0,0.0,0.47,79700,"[18,36,18,18,18,18,36,18,18,18,63,100]",2024-12-31,19.0,0
CAPM® Certification Training | Ace CAPM® Exam in 1st Attempt,capm certification,capm,7,4,4,14800,2.72,103,0.55,280,0.43,0.63,5790000,"[66,100,100,81,81,81,81,81,81,81,81,66]",2025-01-25,58.0,1
CAPM® Exam Prep in 3 Weeks | Ace CAPM® Exam in 1st Attempt,capm course,capm,7,6,0,590,4.5,2,0.01,9,0.01,0.71,8770000,"[54,100,81,81,66,66,66,66,81,66,100,100]",2025-01-26,44.0,0
Become CAPM® Ready in 3 Weeks | Ace CAPM® Exam in 1st...,capm training classes,capm,7,2,2,70,5.62,0,0.0,0,0.0,0.4,952000,"[11,52,64,52,52,52,29,41,29,29,29,29]",2025-01-16,39.0,0
Become CAPM® Ready in 3 Weeks | Ace CAPM® Exam in 1st...,certified associate in project management capm course,capm,7,2,2,110,6.11,1,0.0,6,0.0,0.75,328000,"[41,100,64,64,52,64,64,52,64,52,52,41]",2025-01-21,27.0,0
CAPM® Certification Training | Ace CAPM® Exam in 1st...,certified associate in project management capm course,capm,7,5,5,110,6.11,0,0.0,0,0.0,0.75,328000,"[41,100,64,64,52,64,64,52,64,52,52,41]",2025-01-21,27.0,0
Become Certified Scrum Master | Flash Sale: Enroll @ $270,certified scrum certification,scrum,2,4,4,880,3.01,6,0.03,18,0.02,0.56,6460000,"[2,4,13,30,100,81,100,81,100,30,45,24]",2025-01-10,73.0,1
CSM Scrum Master Course Online - Limited-time Offer: $270 Only,certified scrum master,scrum,2,1,1,5400,2.53,253,1.35,640,0.98,0.49,40200000,"[29,54,54,44,44,44,44,44,44,44,36,29]",2025-01-07,73.0,1
CSM Scrum Master Course Online | Today's Offer: Up To 51% Off,certified scrum master,scrum,2,2,2,5400,2.68,70,0.37,187,0.28,0.43,24600000,"[36,29,54,54,44,44,44,44,44,44,44,36]",2024-12-30,73.0,1
CSM Scrum Master Course Online | Today's Offer: Up To 51% Off,certified scrum master certificate,scrum,2,2,2,260,3.21,3,0.01,9,0.01,0.64,13700000,"[0,0,0,0,0,0,0,0,0,100,0,0]",2025-01-22,64.0,1
CSM Scrum Master Course Online | Today's Offer: Up To 51% Off,certified scrum master certification,scrum,2,1,1,9900,3.21,465,2.49,1492,2.3,0.64,44200000,"[54,100,66,36,81,44,24,81,29,81,36,66]",2025-01-17,50.0,1
CSM Scrum Master Course Online | Today's Offer: Up To 51% Off,certified scrum master certification,scrum,2,4,4,9900,3.21,69,0.36,221,0.34,0.64,31500000,"[54,100,66,36,81,44,24,81,29,81,36,66]",2025-01-24,54.0,1
CSM Scrum Master Course Online | Today's Offer: Up To 51% Off,certified scrum master certification,scrum,2,6,6,9900,3.4,49,0.26,166,0.25,0.56,13200000,"[44,54,100,66,36,81,44,24,81,29,81,36]",2024-12-30,55.0,1
CSM Scrum Master Course Online - Today's Offer: Up To 51% Off,certified scrum master class,scrum,2,2,2,260,5.46,3,0.01,16,0.02,0.43,4450000,"[43,100,82,66,100,100,35,66,35,66,100,43]",2025-01-24,59.0,1
CSM Scrum Master Course Online | Today's Offer: Up To 51% Off,certified scrum master course,scrum,2,3,3,390,5.46,3,0.01,16,0.02,0.43,49100000,"[66,100,81,66,100,81,66,44,3,81,35,28]",2025-01-18,60.0,1
Become Certified Scrum Master | Today's Offer: Up To 51% Off,certified scrum master csm certification,scrum,2,3,3,170,3.37,1,0.0,3,0.0,0.38,1910000,"[34,53,80,80,80,65,65,65,65,100,53,65]",2024-12-28,51.0,0
Become a Certified ScrumMaster | Today's Offer: Up To 51%...,certified scrummaster csm,scrum,2,3,3,140,3.23,1,0.0,3,0.0,0.4,4120000,"[65,100,28,21,34,65,28,21,81,65,65,0]",2025-01-18,60.0,1
Cloud Architect Certificate - Become a Cloud Architect,cloud architect certification,cloud,6,3,3,480,6.39,4,0.02,25,0.03,0.4,63800000,"[36,54,44,36,29,44,36,36,36,100,100,81]",2025-01-22,77.0,1
Scrum Alliance CSM® Training | Flash Sale: Enroll @ $270,csm certification - scrum,scrum,2,1,1,9900,4.52,465,2.49,2101,3.24,0.43,51800000,"[100,29,44,44,44,36,36,36,36,36,29,36]",2024-12-28,57.0,1
CSM Scrum Master Course Online | Limited-time Offer: $270 Only,csm class - scrum,scrum,2,3,3,140,3.62,1,0.0,3,0.0,0.09,69900000,"[4,5,0,0,1,5,11,7,4,100,17,2]",2025-01-12,42.0,0
CSM Scrum Master Course Online | Limited-time Offer: $270 Only,csm scrum master certification,scrum,2,2,2,210,3.23,2,0.01,6,0.0,0.4,4620000,"[53,81,100,65,81,81,65,65,81,65,21,81]",2025-01-25,48.0,0
CSPO® Certification | Limited Offer: Enroll @ $270,cspo,cspo,4,2,2,5400,4.09,70,0.37,286,0.44,0.41,8660000,"[54,66,66,66,66,66,66,66,66,66,66,54]",2025-01-07,44.0,0
CSPO® Certification | Special Offer: Flat $279 Off,cspo,cspo,4,3,3,5400,4.09,48,0.25,196,0.3,0.41,8780000,"[54,66,66,66,66,66,66,66,66,66,66,54]",2025-01-03,44.0,0
CSPO® Certification Course | Limited Offer: Flat $279 Off,cspo training,cspo,4,3,3,480,6.97,4,0.02,27,0.04,0.24,8690000,"[5,7,10,13,13,7,8,5,100,41,8,13]",2024-12-31,44.0,0
Online AWS CPE Course | Special Offer Get Flat 43% Off,devops certification course - aws,aws,5,4,4,50,7.78,0,0.0,0,0.0,0.46,51200000,"[11,17,17,29,23,41,23,41,52,17,64,17]",2024-12-31,60.0,1
CSM Scrum Master Course Online - Today's Offer: Up To 51% Off,get certified scrum master,scrum,2,3,3,40,4.15,0,0.0,0,0.0,0.79,15000000,"[71,100,71,71,71,71,57,71,28,28,28,28]",2025-01-24,47.0,0
TOGAF® Enterprise Architecture | Enroll in TOGAF® Course Now,it architect certification program - togaf,togaf,10,4,4,110,3.68,0,0.0,0,0.0,0.22,41700000,"[41,82,52,64,82,64,82,82,100,64,64,52]",2025-01-22,31.0,0
ITIL Foundations Course | 100% Exam Pass Guarantee,itil 4 foundation certification,itil,8,2,2,390,3.33,5,0.02,16,0.02,0.52,9890000,"[66,81,81,100,81,100,81,81,100,81,100,81]",2025-01-09,44.0,0
ITIL Foundations Course | 100% Exam Pass Guarantee,itil 4 foundation certification,itil,8,6,6,390,3.33,1,0.0,3,0.0,0.52,9890000,"[66,81,81,100,81,100,81,81,100,81,100,81]",2025-01-09,44.0,0
Master ITIL 4 Foundation | 100% Exam Pass Guarantee,itil 4 foundation course,itil,8,3,3,70,4.7,0,0.0,0,0.0,0.35,6040000,"[33,33,33,42,33,9,42,33,42,9,100,9]",2025-01-23,46.0,0
ITIL Certification Cost - 100% Exam Pass Guarantee,itil 4 foundation exam cost,itil,8,3,0,320,2.48,2,0.01,4,0.0,0.47,1050000,"[66,82,66,82,82,82,82,66,66,82,100,100]",2025-01-26,24.0,0
Master ITIL 4 Foundation - Clear ITIL Exam on 1st Attempt,itil 4 foundation mock exam,itil,8,1,1,30,2.78,1,0.0,2,0.0,0.4,402000,"[100,9,9,9,9,9,9,9,9,9,9,9]",2025-01-09,15.0,0
ITIL® 4 Certification Course | 100% Money Back Guarantee,itil certification,itil,8,1,1,14800,2.33,695,3.72,1619,2.49,0.49,13700000,"[66,66,66,66,66,81,66,66,66,66,66,54]",2025-01-26,55.0,1
ITIL Certification Course - 100% Exam Pass Guarantee,itil certification,itil,8,4,4,14800,2.33,103,0.55,239,0.36,0.49,13700000,"[66,66,66,66,66,81,66,66,66,66,66,54]",2025-01-26,55.0,1
ITIL Certification Course | Clear ITIL Exam on 1st Attempt,itil certification,itil,8,1,1,30,2.33,1,0.0,2,0.0,0.49,15500000,"[0,1,11,5,5,1,0,1,11,8,8,5]",2025-01-10,47.0,0
ITIL Certification Course | Clear ITIL Exam on 1st Attempt,itil certification course online,itil,8,1,1,40,6.05,1,0.0,6,0.0,0.24,4950000,"[0,42,3,26,11,11,19,11,15,11,15,15]",2025-01-22,32.0,0
ITIL Certification Course | 100% Exam Pass Guarantee,itil certification online,itil,8,3,3,110,3.55,0,0.0,0,0.0,0.3,3810000,"[43,43,35,43,17,17,28,35,28,23,23,17]",2025-01-03,40.0,0
ITIL Certification Course | 100% Exam Pass Guarantee,itil certification training,itil,8,2,2,140,5.19,1,0.0,5,0.0,0.49,11800000,"[22,29,29,29,29,22,35,18,35,29,43,29]",2025-01-22,54.0,1
ITIL® 4 Certification Course | Accredited Course Curriculum,itil certifications,itil,8,4,4,2900,2.33,20,0.1,46,0.07,0.49,11300000,"[53,66,66,53,100,53,35,44,35,35,29,10]",2025-01-25,63.0,1
ITIL Certification Course | 100% Exam Pass Guarantee,itil classes online,itil,8,3,3,70,6.05,0,0.0,0,0.0,0.24,716000,"[0,100,63,100,81,63,63,100,81,45,45,45]",2025-01-21,33.0,0
Master ITIL 4 Foundation - 100+ Premium Exam Questions,itil foundation mock exam,itil,8,1,1,70,2.67,3,0.01,8,0.01,0.28,313000,"[81,63,63,63,63,63,63,63,63,45,45,63]",2024-12-31,16.0,0
Master ITIL 4 Foundation - Clear ITIL Exam on 1st Attempt,itil foundation mock test,itil,8,1,1,70,1.8,3,0.01,5,0.0,0.26,277000,"[77,77,100,100,77,77,55,77,77,55,77,55]",2025-01-24,12.0,0
Master ITIL 4 Foundation - 100% Exam Pass Guarantee,itil foundation test,itil,8,2,2,50,2.49,0,0.0,0,0.0,0.53,4550000,"[45,27,81,63,36,81,81,100,36,27,45,36]",2025-01-23,30.0,0
ITIL Certification Now - 4 Mock Tests | 30+ Quizzes,itil foundation test online,itil,8,1,1,30,3.34,1,0.0,3,0.0,0.6,797000,"[0,20,80,100,20,100,40,80,60,100,60,40]",2025-01-04,17.0,0
ITIL Foundations Course | 100% Exam Pass Guarantee,itil foundation training,itil,8,4,4,170,6.12,1,0.0,6,0.0,0.42,8940000,"[35,43,29,35,35,35,29,29,35,29,22,35]",2025-01-14,36.0,0
ITIL Foundations Course | Clear ITIL Exam on 1st Attempt,itil foundations training,itil,8,3,3,40,6.34,0,0.0,0,0.0,0.38,11500000,"[23,19,23,23,0,23,19,14,19,23,14,23]",2024-12-31,32.0,0
ITIL Foundations Course | 100% Exam Pass Guarantee,itil online certification,itil,8,2,2,30,4.0,0,0.0,0,0.0,0.29,11600000,"[28,42,42,14,0,42,14,42,57,28,100,100]",2024-12-31,35.0,0
Master ITIL 4 Foundation | 100% Exam Pass Guarantee,itilv4 foundation,itil,8,3,3,30,3.54,0,0.0,0,0.0,0.43,1190000,"[0,0,19,0,0,14,0,19,0,0,100,4]",2024-12-28,35.0,0
Master ITIL 4 Foundation | 100% Exam Pass Guarantee,itilv4 foundation,itil,8,6,6,30,3.54,0,0.0,0,0.0,0.43,1190000,"[0,0,19,0,0,14,0,19,0,0,100,4]",2024-12-28,35.0,0
CSPO® Certification - Special Offer: Flat $279 Off,knowledgehut cspo,cspo,4,2,2,30,46.86,0,0.0,0,0.0,0.23,54,"[18,18,18,18,18,18,18,18,18,18,100,18]",2024-12-31,14.0,0
ITIL Foundations Course | 100% Exam Pass Guarantee,learning tree itil 4 foundation,itil,8,3,3,40,2.53,0,0.0,0,0.0,0.26,235000,"[18,18,18,18,18,18,18,18,18,18,100,100]",2024-12-31,8.0,0
Simplilearn® Official Site,login simplilearn,simplilearn,3,1,1,260,1.31,12,0.06,15,0.02,0.13,1920000,"[0,0,0,0,0,81,0,81,100,54,23,0]",2025-01-08,45.0,0
Simplilearn Post Graduate - Online Post Graduate Programs,post graduate program in digital marketing simpli learn purdue cost,simplilearn,3,1,1,1900,0.0,89,0.47,0,0.0,0.0,68,[100],2025-01-21,30.0,0
Project Management Training,purdue project management essentials,pmp,1,5,5,30,5.11,0,0.0,0,0.0,0.15,186000,"[18,18,81,18,18,18,18,18,18,18,18,18]",2025-01-01,34.0,0
Leading SAFe® 6 Certification | Special Offer: Get $250 Off,safe 6.0 certification,safe,9,4,4,70,4.43,0,0.0,0,0.0,0.57,332000000,"[65,53,34,19,26,7,26,34,11,15,3,53]",2025-01-22,38.0,0
SAFe® Agilist Certification | Special Offer: Get $250 Off,safe certification,safe,9,2,2,6600,3.77,85,0.45,320,0.49,0.41,1400000000,"[24,29,24,24,24,19,19,24,29,100,81,19]",2025-01-24,48.0,0
SAFe® Agilist Certification | Special Offer: Get $250 Off,scale agile certification - safe,safe,9,2,0,720,3.77,9,0.04,33,0.05,0.41,37100000,"[0,0,0,0,0,0,0,0,0,100,0,0]",2025-01-26,44.0,0
SAFe® Agilist Certification | Special Offer: Get $250 Off,scaled agile framework certification - safe,safe,9,4,4,2900,3.77,20,0.1,75,0.11,0.41,5330000,"[19,44,29,16,23,44,44,23,54,29,100,7]",2025-01-10,57.0,1
SAFe® Agilist Certification | Limited Offer: Enroll @ $545,scaled agile framework certification - safe,safe,9,6,6,2900,3.77,14,0.07,52,0.08,0.41,5330000,"[19,44,29,16,23,44,44,23,54,29,100,7]",2025-01-10,57.0,1
Certified Scrum Product Owner® | Limited Offer: Flat $279 Off,scrum alliance csm certification cost,scrum,2,4,4,90,2.62,0,0.0,0,0.0,0.39,512000,"[6,28,34,28,6,28,100,53,15,15,12,15]",2025-01-16,47.0,0
CSM Scrum Master Course Online | Today's Offer: Up To 51% Off,scrum master certification,scrum,2,1,1,18100,3.21,850,4.55,2728,4.2,0.64,32000000,"[44,54,54,44,44,44,54,54,44,54,44,44]",2025-01-10,70.0,1
CSM Scrum Master Course Online | Today's Offer: Up To 51% Off,scrum master certification,scrum,2,2,2,18100,3.21,235,1.25,754,1.16,0.64,16000000,"[44,54,54,44,44,44,54,54,44,54,44,44]",2025-01-07,70.0,1
Become a Certified ScrumMaster | Today's Offer: Up To 51% Off,scrum master certification,scrum,2,3,3,18100,3.21,162,0.86,520,0.8,0.64,31900000,"[44,54,54,44,44,44,54,54,44,54,44,44]",2025-01-04,74.0,1
CSM Scrum Master Course Online | Today's Offer: Up To 51% Off,scrum master certification,scrum,2,5,5,18100,3.4,90,0.48,306,0.47,0.56,32700000,"[44,44,54,54,44,44,44,54,54,44,54,44]",2024-12-29,74.0,1
CSM Scrum Master Course Online | Today's Offer: Up To 51% Off,scrum master certification,scrum,2,1,1,1600,0.0,75,0.4,0,0.0,0.0,16200000,[100],2025-01-02,68.0,1
CSM Scrum Master Course Online - Today's Offer: Up To 51% Off,scrum master certification,scrum,2,4,4,40,3.4,0,0.0,0,0.0,0.56,32400000,"[0,0,0,0,0,0,0,100,0,0,0,0]",2024-12-31,64.0,1
CSM Scrum Master Course Online | Today's Offer: Up To 51% Off,scrum master certification course,scrum,2,4,4,140,5.46,0,0.0,0,0.0,0.43,13800000,"[6,6,8,11,44,35,54,15,100,6,6,3]",2025-01-24,62.0,1
Certified Scrum Product Owner® | Limited Offer: Flat $279 Off,scrum master certification free,scrum,2,4,4,1000,1.79,7,0.03,12,0.01,0.55,4570000,"[16,20,20,20,20,16,13,100,80,13,10,13]",2025-01-06,42.0,0
SAFe® Agile Training & Exam | Special Offer: Get $250 Off,scrum safe certification,safe,9,3,3,30,3.86,0,0.0,0,0.0,0.51,7270000,"[52,5,11,11,23,29,11,17,11,23,11,29]",2025-01-26,27.0,0
Simplilearn® Courses | Online Certification Courses,simplilearn,simplilearn,3,1,1,8100,2.31,380,2.03,877,1.35,0.14,4880000,"[44,54,44,54,44,66,54,54,54,54,81,44]",2025-01-25,48.0,0
Simplilearn® Courses | Online Certification Courses,simplilearn,simplilearn,3,2,2,8100,2.31,105,0.56,242,0.37,0.14,4490000,"[44,54,44,54,44,66,54,54,54,54,81,44]",2025-01-12,68.0,1
Simplilearn® Courses - Online Certification Courses,simplilearn,simplilearn,3,1,1,1000,2.31,47,0.25,108,0.16,0.14,4340000,"[41,41,66,4,79,36,30,41,30,41,100,20]",2025-01-13,56.0,1
Simplilearn® Courses - Online Certification Courses,simplilearn,simplilearn,3,1,1,1000,2.31,47,0.25,108,0.16,0.14,4430000,"[37,100,11,84,84,37,37,52,46,68,84,46]",2025-01-06,66.0,1
Simplilearn® Courses | Online Certification Courses,simplilearn,simplilearn,3,1,1,1000,2.31,47,0.25,108,0.16,0.14,4350000,"[7,13,8,41,41,41,36,54,30,79,66,36]",2025-01-06,62.0,1
Simplilearn® Courses - Online Certification Courses,simplilearn,simplilearn,3,1,1,590,2.31,27,0.14,62,0.09,0.14,0,"[55,100,13,13,36,8,24,8,20,81,36,30]",2025-01-17,80.0,1
Simplilearn® Courses - Online Certification Courses,simplilearn,simplilearn,3,1,1,390,2.31,18,0.09,41,0.06,0.14,4380000,"[7,100,0,0,0,7,13,13,37,13,25,37]",2025-01-06,70.0,1
Simplilearn® Courses,simplilearn,simplilearn,3,2,2,1000,2.31,13,0.06,30,0.04,0.14,4350000,"[7,13,8,41,41,41,36,54,30,79,66,36]",2025-01-06,62.0,1
Simplilearn® Courses,simplilearn,simplilearn,3,1,1,260,1.88,12,0.06,22,0.03,0.16,4570000,"[67,0,100,0,0,0,0,55,0,0,0,0]",2025-01-01,48.0,0
Simplilearn® Official Site,simplilearn,simplilearn,3,1,1,210,2.31,9,0.04,20,0.03,0.14,4330000,"[0,0,0,100,0,0,0,0,45,0,8,0]",2025-01-05,63.0,1
Simplilearn Online Bootcamps | Online Certification Courses,simplilearn,simplilearn,3,1,1,170,2.31,7,0.03,16,0.02,0.14,4260000,"[4,100,12,12,1,0,54,15,44,4,54,29]",2025-01-22,49.0,0
Simplilearn® Courses,simplilearn,simplilearn,3,2,2,590,1.88,7,0.03,13,0.02,0.16,4820000,"[24,55,100,13,13,36,8,24,8,20,81,36]",2025-01-01,47.0,0
Simplilearn Courses,simplilearn,simplilearn,3,1,1,170,0.0,7,0.03,0,0.0,0.0,4240000,"[0,0,0,0,100,1,0,0,36,0,0,1]",2025-01-13,78.0,1
Simplilearn Online Bootcamps | Online Certification Courses,simplilearn,simplilearn,3,1,1,140,2.31,6,0.03,13,0.02,0.14,4210000,"[0,0,0,0,0,0,0,100,0,0,81,0]",2025-01-22,49.0,0
Simplilearn® Courses | Online Certification Courses,simplilearn,simplilearn,3,1,1,140,2.31,6,0.03,13,0.02,0.14,4480000,"[0,0,0,0,0,0,0,0,100,0,0,0]",2025-01-18,38.0,0
Simplilearn® Courses,simplilearn,simplilearn,3,1,1,140,2.31,6,0.03,13,0.02,0.14,4340000,"[0,0,0,0,0,0,0,0,100,0,0,0]",2025-01-19,49.0,0
Simplilearn® Official Site - Online Certification Courses,simplilearn,simplilearn,3,1,1,140,2.31,6,0.03,13,0.02,0.14,4210000,"[7,100,11,14,1,0,2,1,39,1,1,1]",2025-01-15,54.0,1
Simplilearn® Courses | Online Certification Courses,simplilearn,simplilearn,3,1,1,110,1.88,5,0.02,9,0.01,0.16,4570000,"[0,0,100,0,0,0,0,0,0,0,0,0]",2024-12-31,44.0,0
Simplilearn® Courses | Level Up Your Skills | Launch Your Career,simplilearn,simplilearn,3,1,1,90,1.88,4,0.02,7,0.01,0.16,4460000,"[0,0,100,0,0,0,0,0,0,0,0,0]",2025-01-02,38.0,0
Simplilearn Online Bootcamps | Level Up Your Skills,simplilearn,simplilearn,3,1,1,70,2.31,3,0.01,6,0.0,0.14,4260000,"[11,0,26,26,53,42,34,53,26,3,34,15]",2025-01-23,62.0,1
Simplilearn® Courses | Online Certification Courses,simplilearn,simplilearn,3,1,0,70,2.31,3,0.01,6,0.0,0.14,4490000,"[2,0,4,5,0,0,0,8,0,0,4,0]",2025-01-26,58.0,1
Simplilearn Online Bootcamps | Online Certification Courses,simplilearn,simplilearn,3,1,1,70,1.88,3,0.01,5,0.0,0.16,4610000,"[4,8,4,14,4,2,2,2,54,2,35,29]",2025-01-02,68.0,1
Simplilearn® Official Site | Online Certification Courses,simplilearn,simplilearn,3,1,1,70,0.0,3,0.01,0,0.0,0.0,4130000,"[0,0,0,0,0,0,0,100,0,0,0,0]",2025-01-22,47.0,0
Simplilearn Online Bootcamps | Online Certification Courses,simplilearn,simplilearn,3,1,1,50,2.31,2,0.01,4,0.0,0.14,4410000,"[0,0,100,0,0,0,0,0,0,0,0,0]",2025-01-17,76.0,1
Simplilearn Online Bootcamps | Launch Your Career,simplilearn,simplilearn,3,1,1,50,2.31,2,0.01,4,0.0,0.14,4770000,"[0,0,0,0,0,0,0,0,0,0,100,0]",2025-01-06,39.0,0
Simplilearn® Courses | Online Certification Courses,simplilearn,simplilearn,3,2,2,140,2.31,1,0.0,2,0.0,0.14,4210000,"[0,0,0,0,0,0,0,100,0,0,81,0]",2025-01-22,49.0,0
Simplilearn Online Bootcamps - Online Certification Courses,simplilearn,simplilearn,3,2,2,140,2.31,1,0.0,2,0.0,0.14,4480000,"[0,0,0,0,0,0,0,0,100,0,0,0]",2025-01-18,38.0,0
Simplilearn Online Bootcamps | Trusted by 3 Million+ Learners,simplilearn,simplilearn,3,1,1,30,2.31,1,0.0,2,0.0,0.14,4270000,"[2,5,0,2,2,2,2,53,7,2,5,5]",2025-01-21,44.0,0
Simplilearn Online Bootcamps | Online Certification Courses,simplilearn,simplilearn,3,2,2,50,2.31,0,0.0,0,0.0,0.14,4410000,"[0,0,100,0,0,0,0,0,0,0,0,0]",2025-01-17,76.0,1
Simplilearn® Courses | Online Certification Courses,simplilearn,simplilearn,3,2,2,70,1.88,0,0.0,0,0.0,0.16,4820000,"[3,2,0,4,5,0,0,0,8,0,0,4]",2024-12-29,44.0,0
Simplilearn® Official Site | Online Courses,simplilearn americas,simplilearn,3,1,1,720,1.88,33,0.17,62,0.09,0.16,775000,"[0,0,0,0,0,0,55,65,44,100,4,8]",2024-12-31,37.0,0
Simplilearn TOGAF - Online Certification Courses,simplilearn artificial intelligence engineer,simplilearn,3,6,6,30,4.19,0,0.0,0,0.0,0.43,108000,"[11,23,82,11,23,11,11,11,11,11,11,11]",2025-01-23,33.0,0
Simplilearn® ITIL Programs | Online Certification Courses,simplilearn artificial intelligence engineer,simplilearn,3,1,1,30,4.19,1,0.0,4,0.0,0.43,108000,"[11,23,82,11,23,11,11,11,11,11,11,11]",2025-01-23,33.0,0
Simplilearn® Courses | Online Certification Courses,simplilearn artificial intelligence engineer,simplilearn,3,4,4,30,9.33,0,0.0,0,0.0,0.95,149000,"[11,11,23,82,11,23,11,11,11,11,11,11]",2024-12-27,24.0,0
Simplilearn® Courses,simplilearn azure,simplilearn,3,1,1,90,0.0,4,0.02,0,0.0,0.43,231000,"[2,2,2,2,2,2,2,100,10,2,2,2]",2025-01-20,36.0,0
Simplilearn ITIL V4 | Online Certification Courses,simplilearn cissp,simplilearn,3,1,1,30,5.91,1,0.0,5,0.0,0.63,46,"[18,18,18,18,18,18,18,100,100,18,18,18]",2025-01-05,37.0,0
Simplilearn® Training Programs | Get Certified. Get Ahead.,simplilearn cloud architect,simplilearn,3,1,1,40,0.0,1,0.0,0,0.0,0.05,372000,"[11,11,11,11,11,11,11,11,11,11,64,64]",2025-01-13,34.0,0
Simplilearn Courses | Online Courses,simplilearn courses,simplilearn,3,1,1,70,6.31,3,0.01,18,0.02,0.38,3310000,"[8,11,11,11,8,15,3,18,8,23,18,15]",2025-01-09,52.0,0
Simplilearn® Courses | Online Certification Courses,simplilearn data science,simplilearn,3,2,2,90,7.24,1,0.0,7,0.01,0.43,1630000,"[5,7,5,5,5,5,5,35,28,100,12,12]",2025-01-05,51.0,0
Simplilearn Online Bootcamps | Online Certification Courses,simplilearn full stack developer,simplilearn,3,2,2,110,7.51,1,0.0,7,0.01,0.7,333000,"[2,2,0,0,2,2,2,2,11,100,4,2]",2025-01-12,50.0,0
Simplilearn Online Bootcamps | Online Certification Courses,simplilearn generative ai,simplilearn,3,3,3,30,7.87,0,0.0,0,0.0,0.85,568000,"[18,18,18,18,18,18,18,100,100,18,18,18]",2025-01-05,41.0,0
Simplilearn ITIL 4 Training | Online Certification Courses,simplilearn itil,simplilearn,3,1,1,40,8.9,1,0.0,8,0.01,0.48,92100,"[11,11,11,11,11,11,11,64,11,100,11,11]",2025-01-05,41.0,0
Simplilearn® Official Site,simplilearn log in,simplilearn,3,1,1,90,1.31,4,0.02,5,0.0,0.13,61,"[42,65,42,53,100,19,3,3,3,42,3,34]",2025-01-20,19.0,0
Simplilearn Online Bootcamps | Online Certification Courses,simplilearn login,simplilearn,3,1,1,1600,1.31,75,0.4,98,0.15,0.13,64,"[54,79,66,79,54,66,54,54,66,66,54,54]",2025-01-23,57.0,1
Simplilearn Online Bootcamps | Online Certification Courses,simplilearn login,simplilearn,3,2,2,1600,1.31,20,0.1,26,0.04,0.13,75,"[54,79,66,79,54,66,54,54,66,66,54,54]",2025-01-09,55.0,1
Simplilearn® Official Site - Online Certification Courses,simplilearn.com,simplilearn,3,1,1,40,2.44,1,0.0,2,0.0,0.18,4690000,"[10,10,10,10,6,4,6,10,4,6,8,10]",2025-01-15,77.0,1
Simplilearn ITIL 4 Training - Online Certification Courses,skillup by simplilearn,simplilearn,3,1,1,90,4.47,4,0.02,17,0.02,0.31,55,"[15,8,8,11,8,8,6,23,66,6,8,8]",2024-12-31,49.0,0
Simplilearn ITIL 4 Training - Level Up Your Skills,skillup by simplilearn,simplilearn,3,2,2,90,4.47,1,0.0,4,0.0,0.31,55,"[15,8,8,11,8,8,6,23,66,6,8,8]",2024-12-31,49.0,0
TOGAF® Architect Certification | Enroll in TOGAF® Course Now,togaf certification,togaf,10,2,2,1900,2.34,24,0.12,56,0.08,0.52,1440000,"[55,82,82,65,65,65,55,65,65,65,65,65]",2025-01-20,43.0,0
TOGAF® Architect Certification | Enroll in TOGAF® Course Now,togaf certification,togaf,10,1,1,390,2.35,18,0.09,42,0.06,0.41,1460000,"[81,23,19,36,100,44,81,36,67,44,29,23]",2024-12-28,50.0,0
TOGAF® Architect Certification | TOGAF® Free Exam Retake,togaf certification,togaf,10,4,4,1900,2.35,13,0.06,30,0.04,0.41,1750000,"[65,55,82,82,65,65,65,55,65,65,65,65]",2024-12-30,45.0,0
TOGAF® Architect Certification - TOGAF® Free Exam Retake,togaf certification,togaf,10,6,6,1900,2.34,9,0.04,21,0.03,0.52,1440000,"[55,82,82,65,65,65,55,65,65,65,65,65]",2025-01-20,43.0,0
TOGAF® 10 Certification Course | Master TOGAF® Core Concepts,togaf certification,togaf,10,1,1,140,2.35,6,0.03,14,0.02,0.41,2880000,"[6,6,100,9,6,4,66,0,1,1,0,0]",2025-01-01,51.0,0
TOGAF® Certification Exam Cost | TOGAF® Free Exam Retake,togaf certification price,togaf,10,4,4,30,1.94,0,0.0,0,0.0,0.3,384000,"[28,71,28,28,42,28,28,28,28,28,71,28]",2025-01-13,24.0,0
TOGAF® Certification Price - TOGAF® Free Exam Retake,togaf certification training,togaf,10,2,2,90,4.43,1,0.0,4,0.0,0.47,1050000,"[4,5,4,5,6,4,5,3,5,6,5,5]",2025-01-21,33.0,0
TOGAF® 10 Certification Course | Enroll in TOGAF® Course Now,togaf course online,togaf,10,2,2,40,4.94,0,0.0,0,0.0,0.4,313000,"[0,41,11,11,11,11,52,41,17,0,0,100]",2025-01-03,21.0,0
TOGAF® Enterprise Architecture | Master TOGAF® Core Concepts,togaf training,togaf,10,1,1,210,3.85,9,0.04,34,0.05,0.38,4160000,"[54,54,54,43,35,43,35,43,22,66,54,43]",2025-01-25,43.0,0
TOGAF® Enterprise Architecture | Enroll in TOGAF® Course Now,udacity enterprise architecture - togaf,togaf,10,4,4,260,0.0,1,0.0,0,0.0,0.0,131000,"[0,0,0,0,0,0,0,0,0,0,0,100]",2025-01-06,20.0,0
